Start frame,Active Prob
1,0.006191819440573454
3,0.005920457653701305
5,0.005838894750922918
7,0.007676255889236927
9,0.007487122900784016
11,0.008478369563817978
13,0.011246510781347752
15,0.00997427199035883
17,0.007214434910565615
19,0.007685665972530842
21,0.0086783766746521
23,0.01005609892308712
25,0.013624378480017185
27,0.03780823200941086
29,0.06738092750310898
31,0.042667996138334274
33,0.04896030202507973
35,0.05031704530119896
37,0.015603367239236832
39,0.005296344868838787
41,0.004132853355258703
43,0.004600492771714926
45,0.0036451867781579494
47,0.004001833964139223
49,0.004804389551281929
51,0.0055092740803956985
53,0.006328876595944166
55,0.005148244556039572
57,0.004743231926113367
59,0.004859013017266989
61,0.004513604566454887
63,0.005068832542747259
65,0.00730245653539896
67,0.03614679351449013
69,0.8904464244842529
71,0.9559155106544495
73,0.9495632648468018
75,0.8193772435188293
77,0.3281919062137604
79,0.961829662322998
81,0.9981347322463989
83,0.9982221722602844
85,0.9966490864753723
87,0.060305505990982056
89,0.035748593509197235
91,0.997786283493042
93,0.9793871641159058
95,0.381309449672699
97,0.8218121528625488
99,0.9998973608016968
101,0.9861314296722412
103,0.9255940318107605
105,0.6415906548500061
107,0.6720026135444641
109,0.9204424619674683
111,0.9795951247215271
113,0.9834120273590088
115,0.9377245306968689
117,0.5709583759307861
119,0.29646167159080505
121,0.9418824911117554
123,0.9681021571159363
125,0.8572794198989868
127,0.8588588833808899
129,0.638155460357666
131,0.1643606573343277
133,0.026723170652985573
135,0.0846419483423233
137,0.1421196013689041
139,0.6276517510414124
141,0.8915058374404907
143,0.9183498620986938
145,0.6415034532546997
147,0.7352918982505798
149,0.7893518805503845
151,0.2219793051481247
153,0.03568607196211815
155,0.6146963238716125
157,0.9948312640190125
159,0.9943312406539917
161,0.996316134929657
163,0.9995993971824646
165,0.8207216858863831
167,0.09921350330114365
169,0.22465036809444427
171,0.9988679885864258
173,0.9840365052223206
175,0.7823160290718079
177,0.9742684364318848
179,0.9344375729560852
181,0.9924805164337158
183,0.9978269934654236
185,0.9981697797775269
187,0.9963401556015015
189,0.9649574756622314
191,0.2727329730987549
193,0.6843206882476807
195,0.9948135614395142
197,0.9998117089271545
199,0.9980134963989258
201,0.45878228545188904
203,0.9683436155319214
205,0.9979155659675598
207,0.9545435309410095
209,0.6582117080688477
211,0.995303750038147
213,0.9973331689834595
215,0.9952164888381958
217,0.9908310174942017
219,0.9648880958557129
221,0.4712866246700287
223,0.402668297290802
225,0.6328859329223633
227,0.845778226852417
229,0.6339792013168335
231,0.3863498568534851
233,0.148179829120636
235,0.02265178970992565
237,0.014776886440813541
239,0.1877264678478241
241,0.7912721633911133
243,0.9897879362106323
245,0.9918845891952515
247,0.7634752988815308
249,0.9533553719520569
251,0.9903995394706726
253,0.9999494552612305
255,0.9845808148384094
257,0.8951210379600525
259,0.9966296553611755
261,0.9998031258583069
263,0.9999794960021973
265,0.9809620976448059
267,0.8551400899887085
269,0.9999268054962158
271,0.9974501729011536
273,0.9483064413070679
275,0.9999479055404663
277,0.9986294507980347
279,0.9992994070053101
281,0.9723454713821411
283,0.5083320140838623
285,0.7224827408790588
287,0.9273620247840881
289,0.9981151819229126
291,0.9973324537277222
293,0.9983521699905396
295,0.9808179140090942
297,0.9784842133522034
299,0.9793425798416138
301,0.9713624119758606
303,0.9990378618240356
305,0.9999880790710449
307,0.9999886751174927
309,0.9951890707015991
311,0.6579782366752625
313,0.9995515942573547
315,0.9999696016311646
317,0.9800211787223816
319,0.9711663722991943
321,0.6217323541641235
323,0.987092912197113
325,0.9977420568466187
327,0.9934653639793396
329,0.9846577048301697
331,0.88710618019104
333,0.7252697944641113
335,0.16771374642848969
337,0.0650133416056633
339,0.5468910932540894
341,0.9668155312538147
343,0.9807131290435791
345,0.8738873600959778
347,0.5715227127075195
349,0.9737262725830078
351,0.9990553259849548
353,0.9860208630561829
355,0.7433375120162964
357,0.6216492056846619
359,0.5205518007278442
361,0.9000515937805176
363,0.9976024031639099
365,0.9997428059577942
367,0.9922521710395813
369,0.9927204847335815
371,0.9923980832099915
373,0.998356282711029
375,0.9999821186065674
377,0.9953469634056091
379,0.7803853750228882
381,0.9465426206588745
383,0.8587461709976196
385,0.8365707993507385
387,0.9937582015991211
389,0.999956488609314
391,0.9974077343940735
393,0.9982276558876038
395,0.9999667406082153
397,0.999985933303833
399,0.9995743632316589
401,0.967860996723175
403,0.9963561296463013
405,0.9981141090393066
407,0.6442018747329712
409,0.6008213758468628
411,0.9384079575538635
413,0.8339000940322876
415,0.6847869157791138
417,0.7561421990394592
419,0.6016585826873779
421,0.8255219459533691
423,0.9985346794128418
425,0.9999696016311646
427,0.9996740818023682
429,0.9794543385505676
431,0.72654128074646
433,0.9950533509254456
435,0.9970577955245972
437,0.999774158000946
439,0.9996384382247925
441,0.999126136302948
443,0.978588342666626
445,0.999813973903656
447,0.9999990463256836
449,0.9962754249572754
451,0.8345671892166138
453,0.9995137453079224
455,0.9859094023704529
457,0.991316556930542
459,0.9455490708351135
461,0.9093967080116272
463,0.9830754995346069
465,0.9865070581436157
467,0.7341462969779968
469,0.6136466860771179
471,0.9990087747573853
473,0.9988883137702942
475,0.9443516731262207
477,0.7996848225593567
479,0.3727703392505646
481,0.973360538482666
483,0.9997597336769104
485,0.9903188943862915
487,0.8597330451011658
489,0.3473638892173767
491,0.025278937071561813
493,0.0025000537279993296
495,0.0071233841590583324
497,0.27071088552474976
499,0.34664714336395264
501,0.8926972150802612
503,0.9329034090042114
505,0.9106002449989319
507,0.9867396354675293
509,0.9862564206123352
511,0.9105937480926514
513,0.9668060541152954
515,0.9993594288825989
517,0.9824848771095276
519,0.9013243913650513
521,0.6300674080848694
523,0.13041804730892181
525,0.5308536887168884
527,0.9853240847587585
529,0.997055172920227
531,0.9882472157478333
533,0.580689549446106
535,0.38945385813713074
537,0.9705387353897095
539,0.9999316930770874
541,0.9998354911804199
543,0.9969172477722168
545,0.9970976114273071
547,0.9992325305938721
549,0.9999992847442627
551,0.9999558925628662
553,0.9995410442352295
555,0.866879403591156
557,0.9981667995452881
559,0.9993674159049988
561,0.8707103133201599
563,0.9933386445045471
565,0.9942335486412048
567,0.9964092373847961
569,0.8069689869880676
571,0.7462521195411682
573,0.9921942949295044
575,0.9754398465156555
577,0.9601670503616333
579,0.8911258578300476
581,0.5721349120140076
583,0.5652680993080139
585,0.9621791839599609
587,0.9919964671134949
589,0.9989392161369324
591,0.9979902505874634
593,0.9544083476066589
595,0.6693751215934753
597,0.07835670560598373
599,0.9581899642944336
601,0.9671497344970703
603,0.8579686284065247
605,0.5977634191513062
607,0.30489403009414673
609,0.7058656811714172
611,0.931614875793457
613,0.9962771534919739
615,0.9765278697013855
617,0.5187870860099792
619,0.6101952195167542
621,0.9843209981918335
623,0.9991843104362488
625,0.9941043257713318
627,0.9717123508453369
629,0.8766177892684937
631,0.980830192565918
633,0.9982996582984924
635,0.9488012194633484
637,0.5551630258560181
639,0.5759513974189758
641,0.566135585308075
643,0.7749521732330322
645,0.9902713298797607
647,0.9982773065567017
649,0.9971490502357483
651,0.9946526288986206
653,0.9722107648849487
655,0.9667741060256958
657,0.9891934990882874
659,0.9974532723426819
661,0.9991742968559265
663,0.9964768290519714
665,0.9783852696418762
667,0.9674859046936035
669,0.998776376247406
671,0.9880177974700928
673,0.8978777527809143
675,0.9478446245193481
677,0.9986831545829773
679,0.9999262094497681
681,0.998344898223877
683,0.9916061162948608
685,0.9800053834915161
687,0.9714032411575317
689,0.9996254444122314
691,0.9995977282524109
693,0.9990265369415283
695,0.9682151079177856
697,0.8884406685829163
699,0.9941728711128235
701,0.99899822473526
703,0.9676294326782227
705,0.89572674036026
707,0.832594096660614
709,0.9512602686882019
711,0.9952691197395325
713,0.9020009636878967
715,0.7484029531478882
717,0.9262932538986206
719,0.9362768530845642
721,0.8595889210700989
723,0.9678634405136108
725,0.9873546957969666
727,0.9972655773162842
729,0.9992595314979553
731,0.9649450778961182
733,0.9761924147605896
735,0.8447964191436768
737,0.9890502691268921
739,0.9929136633872986
741,0.8394883871078491
743,0.9707028269767761
745,0.9761393666267395
747,0.9106580018997192
749,0.9191285967826843
751,0.9776003956794739
753,0.9084851741790771
755,0.4531489610671997
757,0.9941216111183167
759,0.9999576807022095
761,0.9995759129524231
763,0.7895396947860718
765,0.7510433793067932
767,0.8229417204856873
769,0.9954991936683655
771,0.8243177533149719
773,0.7262876033782959
775,0.8447421193122864
777,0.6326813697814941
779,0.5018389821052551
781,0.21340782940387726
783,0.11253003031015396
785,0.0284354817122221
787,0.03290228545665741
789,0.04970243200659752
791,0.4061307907104492
793,0.9409841299057007
795,0.9311951398849487
797,0.8670194149017334
799,0.5725134015083313
801,0.5612685680389404
803,0.03338904678821564
805,0.9642400741577148
807,0.999816358089447
809,0.6659414172172546
811,0.7705668210983276
813,0.6654054522514343
815,0.9846978187561035
817,0.9975646734237671
819,0.9819726943969727
821,0.906323254108429
823,0.9934262037277222
825,0.9999673366546631
827,0.9998899698257446
829,0.9960424900054932
831,0.9998830556869507
833,0.9990252256393433
835,0.9880455136299133
837,0.991161584854126
839,0.8199405670166016
841,0.8345223665237427
843,0.9493322968482971
845,0.9999909400939941
847,0.9981061220169067
849,0.9352849125862122
851,0.5225772261619568
853,0.24147652089595795
855,0.3300277888774872
857,0.7292118668556213
859,0.9981021285057068
861,0.9619787931442261
863,0.7840293645858765
865,0.9940381050109863
867,0.8170300722122192
869,0.9757705926895142
871,0.9877297282218933
873,0.06455476582050323
875,0.9350818395614624
877,0.9962843060493469
879,0.999360978603363
881,0.9320839047431946
883,0.4051554501056671
885,0.9956527948379517
887,0.9898031949996948
889,0.8831784129142761
891,0.9978959560394287
893,0.9999971389770508
895,0.9982492923736572
897,0.9693012237548828
899,0.9335576295852661
901,0.8558714389801025
903,0.8361265063285828
905,0.9995587468147278
907,0.9999480247497559
909,0.9929988384246826
911,0.9836107492446899
913,0.20610518753528595
915,0.8302128314971924
917,0.9975577592849731
919,0.998252809047699
921,0.9548448324203491
923,0.619732141494751
925,0.9775955080986023
927,0.9471812844276428
929,0.6268401145935059
931,0.2606700658798218
933,0.5993195176124573
935,0.9512079954147339
937,0.9959414601325989
939,0.7274900078773499
941,0.9996356964111328
943,0.9895250797271729
945,0.9998677968978882
947,0.9993500113487244
949,0.9973676800727844
951,0.9951933026313782
953,0.8355033993721008
955,0.8066747188568115
957,0.9985811710357666
959,0.9973317384719849
961,0.9998776912689209
963,0.9984380602836609
965,0.8592758774757385
967,0.9987562894821167
969,0.9979173541069031
971,0.9524240493774414
973,0.21611516177654266
975,0.9951149225234985
977,0.99991774559021
979,0.9973047971725464
981,0.9984630346298218
983,0.999718964099884
985,0.9958679676055908
987,0.9998236298561096
989,0.9959120750427246
991,0.9560127258300781
993,0.9100334048271179
995,0.8550162315368652
997,0.9513280391693115
999,0.14446330070495605
1001,0.025257118046283722
1003,0.307416707277298
1005,0.8710542917251587
1007,0.7003012895584106
1009,0.2333560585975647
1011,0.05168387293815613
1013,0.03925926983356476
1015,0.1257333755493164
1017,0.4829792380332947
1019,0.7853201031684875
1021,0.8850575089454651
1023,0.7833022475242615
1025,0.6932143568992615
1027,0.6368904709815979
1029,0.960085928440094
1031,0.9947452545166016
1033,0.918938398361206
1035,0.385242223739624
1037,0.559321403503418
1039,0.7995749115943909
1041,0.9927206039428711
1043,0.9889037013053894
1045,0.8746480941772461
1047,0.8869170546531677
1049,0.996918797492981
1051,0.9952180981636047
1053,0.8535867929458618
1055,0.9752578139305115
1057,0.9938030242919922
1059,0.9790488481521606
1061,0.7948387265205383
1063,0.5545113682746887
1065,0.4242134392261505
1067,0.8452044129371643
1069,0.9916653037071228
1071,0.8175534605979919
1073,0.08446785807609558
1075,0.024450862780213356
1077,0.25953158736228943
1079,0.13630755245685577
1081,0.16669927537441254
1083,0.517338216304779
1085,0.9124000668525696
1087,0.89713454246521
1089,0.8271871209144592
1091,0.5338209867477417
1093,0.5765179991722107
1095,0.9410855770111084
1097,0.9994980096817017
1099,0.6951189637184143
1101,0.9251779317855835
1103,0.9987413287162781
1105,0.949152946472168
1107,0.9938575625419617
1109,0.9794862270355225
1111,0.9984970092773438
1113,0.5744185447692871
1115,0.9704903364181519
1117,0.8435388803482056
1119,0.09264957159757614
1121,0.6866204738616943
1123,0.9866759181022644
1125,0.6708744168281555
1127,0.2597506046295166
1129,0.28416603803634644
1131,0.3624960482120514
1133,0.7512441873550415
1135,0.7459754943847656
1137,0.8206952810287476
1139,0.9427027106285095
1141,0.9891526699066162
1143,0.9949522018432617
1145,0.9935879707336426
1147,0.6809120774269104
1149,0.7077669501304626
1151,0.7531698942184448
1153,0.09047166258096695
1155,0.7291076183319092
1157,0.9973425269126892
1159,0.9874431490898132
1161,0.7902485132217407
1163,0.8231801986694336
1165,0.9946415424346924
1167,0.9811005592346191
1169,0.7757409811019897
1171,0.8441356420516968
1173,0.9822423458099365
1175,0.9139080047607422
1177,0.8406742811203003
1179,0.8539138436317444
1181,0.6545658707618713
1183,0.32499247789382935
1185,0.8318924307823181
1187,0.9818834066390991
1189,0.9839417338371277
1191,0.9937134385108948
1193,0.9904289245605469
1195,0.9124791622161865
1197,0.4985898435115814
1199,0.5483495593070984
1201,0.993854820728302
1203,0.9964337348937988
1205,0.8064538836479187
1207,0.6713741421699524
1209,0.9829572439193726
1211,0.9985641837120056
1213,0.9995941519737244
1215,0.9998138546943665
1217,0.9804251790046692
1219,0.6305145025253296
1221,0.9799127578735352
1223,0.9999982118606567
1225,0.4475313127040863
1227,0.37130168080329895
1229,0.7644670009613037
1231,0.9886623024940491
1233,0.9289883971214294
1235,0.6929416060447693
1237,0.06543701142072678
1239,0.46578288078308105
1241,0.9835923910140991
1243,0.18926893174648285
1245,0.5209960341453552
1247,0.9217374324798584
1249,0.917147696018219
1251,0.8620098829269409
1253,0.7137944102287292
1255,0.08712189644575119
1257,0.33937564492225647
1259,0.909797728061676
1261,0.9598673582077026
1263,0.8370230197906494
1265,0.8661639094352722
1267,0.5630012154579163
1269,0.5549948215484619
1271,0.9891350269317627
1273,0.9999675750732422
1275,0.9998295307159424
1277,0.9977951049804688
1279,0.9702355265617371
1281,0.7524053454399109
1283,0.9267293810844421
1285,0.8385772109031677
1287,0.7078726887702942
1289,0.3944409489631653
1291,0.069967120885849
1293,0.017715219408273697
1295,0.10209155082702637
1297,0.2554953098297119
1299,0.021281611174345016
1301,0.003406084142625332
1303,0.015727724879980087
1305,0.007630737032741308
1307,0.004298311658203602
1309,0.0020336227025836706
1311,0.0015105658676475286
1313,0.001839182572439313
1315,0.00248175160959363
1317,0.0028893197886645794
1319,0.017308609560132027
1321,0.06190933287143707
1323,0.7818788290023804
1325,0.9604703783988953
1327,0.8051290512084961
1329,0.7462438344955444
1331,0.823028028011322
1333,0.9662137627601624
1335,0.9998132586479187
1337,0.990825355052948
1339,0.7357314825057983
1341,0.5527468919754028
1343,0.03804418444633484
1345,0.9945629239082336
1347,0.9995941519737244
1349,0.7791900634765625
1351,0.9495687484741211
1353,0.7083389759063721
1355,0.9306075572967529
1357,0.9768742918968201
1359,0.9139905571937561
1361,0.9191275835037231
1363,0.2501864433288574
1365,0.13642975687980652
1367,0.9055038094520569
1369,0.9555360674858093
1371,0.9888928532600403
1373,0.9968584775924683
1375,0.7904753088951111
1377,0.8975722789764404
1379,0.9436014294624329
1381,0.99847811460495
1383,0.7883492112159729
1385,0.3190726637840271
1387,0.6844983100891113
1389,0.9871326684951782
1391,0.9431633353233337
1393,0.6420811414718628
1395,0.7771012187004089
1397,0.9840224981307983
1399,0.9415678977966309
1401,0.8785908818244934
1403,0.30984750390052795
1405,0.3958895802497864
1407,0.9782529473304749
1409,0.9985478520393372
1411,0.9943261742591858
1413,0.9993150234222412
1415,0.9734616279602051
1417,0.2210155576467514
1419,0.2276318222284317
1421,0.6431549191474915
1423,0.9966360330581665
1425,0.9646414518356323
1427,0.9682257175445557
1429,0.8562725782394409
1431,0.8301129937171936
1433,0.811004102230072
1435,0.9879149198532104
1437,0.6700683236122131
1439,0.976929783821106
1441,0.8927582502365112
1443,0.7448933720588684
1445,0.8215333223342896
1447,0.9942708015441895
1449,0.9999347925186157
1451,0.9960591793060303
1453,0.9647478461265564
1455,0.9817008376121521
1457,0.9771317839622498
1459,0.985559344291687
1461,0.5109524726867676
1463,0.11662880331277847
1465,0.9669646620750427
1467,0.9967855215072632
1469,0.7780994176864624
1471,0.7011300921440125
1473,0.6188642382621765
1475,0.9481163024902344
1477,0.9359277486801147
1479,0.9610137343406677
1481,0.6866180896759033
1483,0.12752602994441986
1485,0.05387302115559578
1487,0.022479161620140076
1489,0.00533091789111495
1491,0.003965272568166256
1493,0.003221237799152732
1495,0.003512210911139846
1497,0.004045659676194191
1499,0.00420371862128377
1501,0.004077721852809191
1503,0.0032842298969626427
1505,0.002933184150606394
1507,0.00343475304543972
1509,0.003459867322817445
1511,0.0034936650190502405
1513,0.0026141514535993338
1515,0.0031391975935548544
1517,0.003983221482485533
1519,0.0046552978456020355
1521,0.0045374794863164425
1523,0.004011828918009996
1525,0.003643372096121311
1527,0.0036205309443175793
1529,0.004125307779759169
1531,0.0045262849889695644
1533,0.003576232586055994
1535,0.0035738577134907246
1537,0.01736920140683651
1539,0.1075463742017746
1541,0.5561632513999939
1543,0.96306312084198
1545,0.9562897086143494
1547,0.8767443895339966
1549,0.9688615798950195
1551,0.9884650707244873
1553,0.999526858329773
1555,0.988504946231842
1557,0.3390900194644928
1559,0.617620050907135
1561,0.8704754114151001
1563,0.999229907989502
1565,0.9995734095573425
1567,0.9998819828033447
1569,0.9978452920913696
1571,0.9827060699462891
1573,0.9980133771896362
1575,0.9999771118164062
1577,0.9933027029037476
1579,0.9328776001930237
1581,0.9298368692398071
1583,0.9987370371818542
1585,0.9766420125961304
1587,0.8379353284835815
1589,0.959895670413971
1591,0.6958343982696533
1593,0.9995328187942505
1595,0.98678058385849
1597,0.9345558881759644
1599,0.9985187649726868
1601,0.9975761771202087
1603,0.9894718527793884
1605,0.9997096657752991
1607,0.8325917720794678
1609,0.9500415921211243
1611,0.9624476432800293
1613,0.9371470808982849
1615,0.6933601498603821
1617,0.46814820170402527
1619,0.8667765259742737
1621,0.9944912195205688
1623,0.8913865685462952
1625,0.7212628126144409
1627,0.8203489184379578
1629,0.9340102076530457
1631,0.5317768454551697
1633,0.07307855784893036
1635,0.09097738564014435
1637,0.9082379937171936
1639,0.9993784427642822
1641,0.8528109192848206
1643,0.9730365872383118
1645,0.3428652584552765
1647,0.947597861289978
1649,0.9773337244987488
1651,0.9859008193016052
1653,0.7469963431358337
1655,0.35193973779678345
1657,0.12653636932373047
1659,0.09837105125188828
1661,0.15016421675682068
1663,0.9745134711265564
1665,0.9957971572875977
1667,0.9933212399482727
1669,0.9826288223266602
1671,0.9026117920875549
1673,0.7948434352874756
1675,0.9842974543571472
1677,0.9697986245155334
1679,0.9858450889587402
1681,0.9483112692832947
1683,0.301381379365921
1685,0.9500939846038818
1687,0.9261599183082581
1689,0.9925758838653564
1691,0.21929703652858734
1693,0.04071226343512535
1695,0.05384162440896034
1697,0.1010882779955864
1699,0.03028014302253723
1701,0.0067758709192276
1703,0.0033313960302621126
1705,0.0054360670037567616
1707,0.004340069368481636
1709,0.0037965832743793726
1711,0.00413435697555542
1713,0.004060846753418446
1715,0.003518999321386218
1717,0.0029212713707238436
1719,0.0027480688877403736
1721,0.0033217393793165684
1723,0.00808535423129797
1725,0.2882995307445526
1727,0.5876391530036926
1729,0.8264389038085938
1731,0.8711312413215637
1733,0.602803111076355
1735,0.9959098100662231
1737,0.9996426105499268
1739,0.9995512366294861
1741,0.8933126926422119
1743,0.7497193217277527
1745,0.993372917175293
1747,0.9989175796508789
1749,0.9910414814949036
1751,0.9999723434448242
1753,0.9999152421951294
1755,0.999617338180542
1757,0.9873852729797363
1759,0.870057225227356
1761,0.9989174604415894
1763,0.9999102354049683
1765,0.9559070467948914
1767,0.8155109882354736
1769,0.9855189323425293
1771,0.9962421655654907
1773,0.9423111081123352
1775,0.9994470477104187
1777,0.9999316930770874
1779,0.9867293834686279
1781,0.9934554696083069
1783,0.9884774088859558
1785,0.9990777969360352
1787,0.9999815225601196
1789,0.9791765213012695
1791,0.7759542465209961
1793,0.9986901879310608
1795,0.9999728202819824
1797,0.9997463822364807
1799,0.9906036257743835
1801,0.9999279975891113
1803,0.985643744468689
1805,0.6394158601760864
1807,0.9692499041557312
1809,0.9855378270149231
1811,0.4922076463699341
1813,0.05388734117150307
1815,0.0049407039768993855
1817,0.019919538870453835
1819,0.09494679421186447
1821,0.6825653314590454
1823,0.9975624084472656
1825,0.9746518135070801
1827,0.8028193712234497
1829,0.8345109820365906
1831,0.6205154657363892
1833,0.8927755355834961
1835,0.9954853653907776
1837,0.8282214403152466
1839,0.49084433913230896
1841,0.9086123108863831
1843,0.9909512996673584
1845,0.9340768456459045
1847,0.9805607795715332
1849,0.9995455145835876
1851,0.9995837807655334
1853,0.999312162399292
1855,0.9496785998344421
1857,0.9032743573188782
1859,0.8306429982185364
1861,0.39734530448913574
1863,0.7982617616653442
1865,0.9046216607093811
1867,0.9546096920967102
1869,0.707308292388916
1871,0.9971482157707214
1873,0.9979758858680725
1875,0.9998970031738281
1877,0.9992103576660156
1879,0.8039822578430176
1881,0.8237791061401367
1883,0.990494966506958
1885,0.9943186640739441
1887,0.9841222763061523
1889,0.6566392183303833
1891,0.8190733790397644
1893,0.9521420001983643
1895,0.9708036184310913
1897,0.9983855485916138
1899,0.9959889054298401
1901,0.9790729284286499
1903,0.7774271965026855
1905,0.6840420365333557
1907,0.9834367036819458
1909,0.9967323541641235
1911,0.9427503943443298
1913,0.29137736558914185
1915,0.46308478713035583
1917,0.9880127906799316
1919,0.9999120235443115
1921,0.9997461438179016
1923,0.9994733929634094
1925,0.997079610824585
1927,0.988430380821228
1929,0.9985682964324951
1931,0.9949361085891724
1933,0.999575674533844
1935,0.9986207485198975
1937,0.9999336004257202
1939,0.9981281161308289
1941,0.999043881893158
1943,0.9999662637710571
1945,0.9954400062561035
1947,0.9962114095687866
1949,0.998626708984375
1951,0.9961309432983398
1953,0.9999808073043823
1955,0.9999868869781494
1957,0.999487042427063
1959,0.9786014556884766
1961,0.9270980954170227
1963,0.9892765283584595
1965,0.9344697594642639
1967,0.8881822824478149
1969,0.9986692667007446
1971,0.9987785220146179
1973,0.9972909092903137
1975,0.6180264949798584
1977,0.13873016834259033
1979,0.02373395673930645
1981,0.17193685472011566
1983,0.6350399851799011
1985,0.8716303706169128
1987,0.9854308366775513
1989,0.9651566743850708
1991,0.9888989329338074
1993,0.983691930770874
1995,0.9975097179412842
1997,0.9894235730171204
1999,0.7440799474716187
2001,0.5260605812072754
2003,0.9993962049484253
2005,0.999990701675415
2007,0.9999982118606567
2009,0.959003746509552
2011,0.886393666267395
2013,0.9996596574783325
2015,0.993252694606781
2017,0.9870102405548096
2019,0.9998923540115356
2021,0.9963858127593994
2023,0.8977689146995544
2025,0.9874222278594971
2027,0.9999271631240845
2029,0.999950647354126
2031,0.9975306391716003
2033,0.9998949766159058
2035,0.999903678894043
2037,0.9997113347053528
2039,0.999798595905304
2041,0.9998121857643127
2043,0.9978563189506531
2045,0.9527770280838013
2047,0.9971578121185303
2049,0.9990027546882629
2051,0.8483003377914429
2053,0.7591185569763184
2055,0.9978612065315247
2057,0.9997791647911072
2059,0.9994804263114929
2061,0.835873544216156
2063,0.02916017174720764
2065,0.20492491126060486
2067,0.2864703834056854
2069,0.15902003645896912
2071,0.012677434831857681
2073,0.005792703479528427
2075,0.00930170901119709
2077,0.01061263307929039
2079,0.012037975713610649
2081,0.007689088117331266
2083,0.022887354716658592
2085,0.15903179347515106
2087,0.7828188538551331
2089,0.9861462712287903
2091,0.9452592730522156
2093,0.82474684715271
2095,0.9332980513572693
2097,0.9968264102935791
2099,0.9999985694885254
2101,0.8932989835739136
2103,0.25778427720069885
2105,0.7571186423301697
2107,0.8816630840301514
2109,0.8027843236923218
2111,0.9930197596549988
2113,0.9999669790267944
2115,0.9999861717224121
2117,0.9994674324989319
2119,0.51288241147995
2121,0.728524386882782
2123,0.9522266983985901
2125,0.9999681711196899
2127,0.9800888895988464
2129,0.9988276362419128
2131,0.9999148845672607
2133,0.999940037727356
2135,0.9948987364768982
2137,0.9879754185676575
2139,0.8470945358276367
2141,0.9979483485221863
2143,0.9985796213150024
2145,0.99769127368927
2147,0.9990940093994141
2149,0.880447506904602
2151,0.9984534978866577
2153,0.9983986020088196
2155,0.9995589852333069
2157,0.9998878240585327
2159,0.9999773502349854
2161,0.8046533465385437
2163,0.7719228863716125
2165,0.9536916613578796
2167,0.9999943971633911
2169,0.9914762377738953
2171,0.7093096375465393
2173,0.9975111484527588
2175,0.9999858140945435
2177,0.9995244741439819
2179,0.9985541701316833
2181,0.9964488744735718
2183,0.9999586343765259
2185,0.8711984753608704
2187,0.9483579993247986
2189,0.9999682903289795
2191,0.9999676942825317
2193,0.9974985718727112
2195,0.717113196849823
2197,0.9660626649856567
2199,0.9945001602172852
2201,0.9998897314071655
2203,0.9979777932167053
2205,0.763573944568634
2207,0.6367847919464111
2209,0.8139044046401978
2211,0.9994919300079346
2213,0.9997904896736145
2215,0.9887022972106934
2217,0.9751131534576416
2219,0.9999499320983887
2221,0.9940898418426514
2223,0.9999978542327881
2225,0.9886077642440796
2227,0.9796051979064941
2229,0.9998268485069275
2231,0.9999547004699707
2233,0.9994415640830994
2235,0.9995827078819275
2237,0.9993434548377991
2239,0.9830058217048645
2241,0.999321460723877
2243,0.9998007416725159
2245,0.9981718063354492
2247,0.9897629022598267
2249,0.874690055847168
2251,0.5886738896369934
2253,0.9785332083702087
2255,0.9936193823814392
2257,0.9995208978652954
2259,0.9983868598937988
2261,0.9873117208480835
2263,0.8009923100471497
2265,0.028584977611899376
2267,0.013644020073115826
2269,0.0341142974793911
2271,0.007402512710541487
2273,0.09943083673715591
2275,0.17761318385601044
2277,0.0443853996694088
2279,0.02868456207215786
2281,0.005754242185503244
2283,0.06862746924161911
2285,0.39467114210128784
2287,0.7028065323829651
2289,0.9537932872772217
2291,0.9895761013031006
2293,0.9787580370903015
2295,0.8083053231239319
2297,0.9589218497276306
2299,0.9895055890083313
2301,0.9795330166816711
2303,0.9999920129776001
2305,0.9997686743736267
2307,0.9996148347854614
2309,0.9990131855010986
2311,0.9741131067276001
2313,0.9999417066574097
2315,0.9999572038650513
2317,0.9982781410217285
2319,0.9770517945289612
2321,0.9927576780319214
2323,0.9998481273651123
2325,0.9832148551940918
2327,0.9279298186302185
2329,0.4816698431968689
2331,0.5362440347671509
2333,0.8180151581764221
2335,0.9997506737709045
2337,0.8756341338157654
2339,0.9068904519081116
2341,0.9877573251724243
2343,0.2705013155937195
2345,0.7001072764396667
2347,0.9330925345420837
2349,0.974877119064331
2351,0.5951558947563171
2353,0.7135511636734009
2355,0.246008962392807
2357,0.9532789587974548
2359,0.9988980293273926
2361,0.9978481531143188
2363,0.995937705039978
2365,0.9987877011299133
2367,0.9999221563339233
2369,0.9999889135360718
2371,0.999804675579071
2373,0.9982509016990662
2375,0.957931399345398
2377,0.9946370720863342
2379,0.9999867677688599
2381,0.8803739547729492
2383,0.9339260458946228
2385,0.9998888969421387
2387,0.7728027105331421
2389,0.6041823625564575
2391,0.9989375472068787
2393,0.9999791383743286
2395,0.9913879036903381
2397,0.999871015548706
2399,0.9999618530273438
2401,0.9586669206619263
2403,0.7818641066551208
2405,0.9915168285369873
2407,0.9999608993530273
2409,0.9896200299263
2411,0.9999128580093384
2413,0.9964118599891663
2415,0.9936202168464661
2417,0.9989475607872009
2419,0.9990600943565369
2421,0.6885515451431274
2423,0.07889188826084137
2425,0.72413170337677
2427,0.9819909930229187
2429,0.9395052790641785
2431,0.6341153383255005
2433,0.06743872165679932
2435,0.01458989828824997
2437,0.31921061873435974
2439,0.9756469130516052
2441,0.9868338704109192
2443,0.7495497465133667
2445,0.6665651798248291
2447,0.9205071926116943
2449,0.9923555850982666
2451,0.9997926354408264
2453,0.9975101947784424
2455,0.9996107220649719
2457,0.9965104460716248
2459,0.9978899359703064
2461,0.9142000079154968
2463,0.9937449097633362
2465,0.9990693926811218
2467,0.9990478157997131
2469,0.9706907868385315
2471,0.9474644660949707
2473,0.9999376535415649
2475,0.9999991655349731
2477,0.9962546825408936
2479,0.967033326625824
2481,0.9964619278907776
2483,0.9996168613433838
2485,0.9998736381530762
2487,0.9961996674537659
2489,0.9510260224342346
2491,0.8916710019111633
2493,0.8325346112251282
2495,0.9996520280838013
2497,0.9994148015975952
2499,0.9970561265945435
2501,0.9812065958976746
2503,0.9680440425872803
2505,0.999842643737793
2507,0.9995384216308594
2509,0.9865530133247375
2511,0.31264427304267883
2513,0.4635161757469177
2515,0.8279205560684204
2517,0.039269912987947464
2519,0.014704111032187939
2521,0.17810189723968506
2523,0.015158722177147865
2525,0.0052107940427958965
2527,0.013035106472671032
2529,0.04034556820988655
2531,0.018710674718022346
2533,0.38030555844306946
2535,0.7799617648124695
2537,0.9543703198432922
2539,0.9907400608062744
2541,0.9860532879829407
2543,0.9433917999267578
2545,0.9985883831977844
2547,0.9976786971092224
2549,0.9992818236351013
2551,0.9755202531814575
2553,0.9960739612579346
2555,0.9998974800109863
2557,0.9999542236328125
2559,0.9798449873924255
2561,0.9534050822257996
2563,0.9999891519546509
2565,0.9886983036994934
2567,0.9992833733558655
2569,0.9797905683517456
2571,0.9973432421684265
2573,0.9948787689208984
2575,0.9988586902618408
2577,0.9996979236602783
2579,0.9675455093383789
2581,0.5856256484985352
2583,0.7443886399269104
2585,0.9864472150802612
2587,0.9951601624488831
2589,0.9900349974632263
2591,0.9219592213630676
2593,0.1689581722021103
2595,0.05587803199887276
2597,0.12617704272270203
2599,0.1573375016450882
2601,0.709693968296051
2603,0.9587783813476562
2605,0.996056079864502
2607,0.9677131772041321
2609,0.5586783289909363
2611,0.5852572321891785
2613,0.987208902835846
2615,0.9993150234222412
2617,0.9941664934158325
2619,0.9998794794082642
2621,0.9999942779541016
2623,0.9999576807022095
2625,0.9999957084655762
2627,0.998538613319397
2629,0.9014396667480469
2631,0.9903414249420166
2633,0.9989973902702332
2635,0.8327208161354065
2637,0.42175909876823425
2639,0.80385822057724
2641,0.9349219799041748
2643,0.7410564422607422
2645,0.7583590149879456
2647,0.85611492395401
2649,0.9449512362480164
2651,0.8801218867301941
2653,0.22991017997264862
2655,0.18564176559448242
2657,0.9999978542327881
2659,0.9995344877243042
2661,0.9999079704284668
2663,0.9981935620307922
2665,0.9545689821243286
2667,0.9992271661758423
2669,0.9953206181526184
2671,0.9952493906021118
2673,0.9952611327171326
2675,0.9999771118164062
2677,0.995968222618103
2679,0.9998679161071777
2681,0.9986200332641602
2683,0.9969274401664734
2685,0.9996777772903442
2687,0.9999552965164185
2689,0.9907219409942627
2691,0.9685990214347839
2693,0.9992832541465759
2695,0.9077338576316833
2697,0.9509473443031311
2699,0.9989857077598572
2701,0.9918150305747986
2703,0.9702696800231934
2705,0.999890923500061
2707,0.9995377063751221
2709,0.9930771589279175
2711,0.9971262812614441
2713,0.9996724128723145
2715,0.9999548196792603
2717,0.9518234729766846
2719,0.027489423751831055
2721,0.40408092737197876
2723,0.9952104687690735
2725,0.995318591594696
2727,0.5560199618339539
2729,0.10500602424144745
2731,0.004536221735179424
2733,0.0016909874975681305
2735,0.002217991044744849
2737,0.006233057007193565
2739,0.03798390179872513
2741,0.20358066260814667
2743,0.4048597514629364
2745,0.6301937103271484
2747,0.9298929572105408
2749,0.9706283807754517
2751,0.9745820760726929
2753,0.9990425705909729
2755,0.991047203540802
2757,0.7848154306411743
2759,0.9659865498542786
2761,0.9976625442504883
2763,0.8622679114341736
2765,0.9258718490600586
2767,0.999579131603241
2769,0.6773433089256287
2771,0.8888943791389465
2773,0.9969224333763123
2775,0.9993281364440918
2777,0.981427788734436
2779,0.999189555644989
2781,0.9525359869003296
2783,0.5002102851867676
2785,0.914321780204773
2787,0.9990066885948181
2789,0.974756121635437
2791,0.9639192819595337
2793,0.933867335319519
2795,0.8316580653190613
2797,0.9962849617004395
2799,0.9951038360595703
2801,0.9982210993766785
2803,0.8185442090034485
2805,0.5821993947029114
2807,0.9969327449798584
2809,0.9965673685073853
2811,0.948468804359436
2813,0.2760094404220581
2815,0.1080978736281395
2817,0.48626306653022766
2819,0.9821131825447083
2821,0.9343162178993225
2823,0.9227846264839172
2825,0.8375030159950256
2827,0.999518632888794
2829,0.9999799728393555
2831,0.9966241121292114
2833,0.9955750703811646
2835,0.9486251473426819
2837,0.9266834259033203
2839,0.9928911924362183
2841,0.9999390840530396
2843,0.9998070597648621
2845,0.9993190765380859
2847,0.9998924732208252
2849,0.9992979764938354
2851,0.9994547963142395
2853,0.9972590208053589
2855,0.9995790123939514
2857,0.7716728448867798
2859,0.1759360432624817
2861,0.8991572260856628
2863,0.8922735452651978
2865,0.9589981436729431
2867,0.9517256617546082
2869,0.9704706072807312
2871,0.9802709817886353
2873,0.9909213185310364
2875,0.9998998641967773
2877,0.999812662601471
2879,0.9057044386863708
2881,0.8738011121749878
2883,0.994140088558197
2885,0.998689591884613
2887,0.9764718413352966
2889,0.9959184527397156
2891,0.9997401833534241
2893,0.7913453578948975
2895,0.5397971868515015
2897,0.9703571200370789
2899,0.9982196688652039
2901,0.8702532649040222
2903,0.9991531372070312
2905,0.9485042691230774
2907,0.9858976602554321
2909,0.9871352314949036
2911,0.8894926905632019
2913,0.9948957562446594
2915,0.9996227025985718
2917,0.9881247282028198
2919,0.8530318737030029
2921,0.9981032609939575
2923,0.9998801946640015
2925,0.9999344348907471
2927,0.9925608038902283
2929,0.539196252822876
2931,0.8959419131278992
2933,0.9994421601295471
2935,0.9263432621955872
2937,0.8944509029388428
2939,0.9973330497741699
2941,0.9983572363853455
2943,0.9777090549468994
2945,0.6389123201370239
2947,0.07274699211120605
2949,0.03289837762713432
2951,0.02155001275241375
2953,0.014658129774034023
2955,0.035980015993118286
2957,0.056645724922418594
2959,0.005480353254824877
2961,0.00491215568035841
2963,0.004758274648338556
2965,0.02631096914410591
2967,0.15038684010505676
2969,0.29869264364242554
2971,0.40759164094924927
2973,0.08360495418310165
2975,0.0022199980448931456
2977,0.0030628812965005636
2979,0.15678372979164124
2981,0.4832753837108612
2983,0.3887723684310913
2985,0.5157206654548645
2987,0.9202396869659424
2989,0.867108941078186
2991,0.6077283620834351
2993,0.30507516860961914
2995,0.6070576906204224
2997,0.58559250831604
2999,0.1484951376914978
3001,0.062236685305833817
3003,0.04647821933031082
3005,0.1636315882205963
3007,0.9250965714454651
3009,0.9789389371871948
3011,0.9592591524124146
3013,0.9315137267112732
3015,0.9728965759277344
3017,0.9930496215820312
3019,0.9988142251968384
3021,0.9813340306282043
3023,0.7195367217063904
3025,0.9623046517372131
3027,0.9788761138916016
3029,0.8414809107780457
3031,0.9051779508590698
3033,0.7788001894950867
3035,0.7180355191230774
3037,0.9266073703765869
3039,0.9616279006004333
3041,0.9701321125030518
3043,0.9222095608711243
3045,0.4003365933895111
3047,0.2206304669380188
3049,0.9231076836585999
3051,0.9950003027915955
3053,0.496981680393219
3055,0.9953426122665405
3057,0.9993844032287598
3059,0.9983224272727966
3061,0.7379539012908936
3063,0.8768705725669861
3065,0.9935512542724609
3067,0.9991889595985413
3069,0.9667483568191528
3071,0.7167572975158691
3073,0.9447669982910156
3075,0.947291910648346
3077,0.8788187503814697
3079,0.7761220932006836
3081,0.9947915077209473
3083,0.9009886384010315
3085,0.9989073276519775
3087,0.9997127652168274
3089,0.9998138546943665
3091,0.9379927515983582
3093,0.9743995666503906
3095,0.9351639747619629
3097,0.996757447719574
3099,0.9490321278572083
3101,0.7856404185295105
3103,0.8704962134361267
3105,0.9999098777770996
3107,0.999796450138092
3109,0.9955683350563049
3111,0.9994602799415588
3113,0.9930116534233093
3115,0.3603161573410034
3117,0.4467146396636963
3119,0.9699950218200684
3121,0.9608772397041321
3123,0.8474100828170776
3125,0.22208432853221893
3127,0.00911770761013031
3129,0.00588042801246047
3131,0.014508118852972984
3133,0.038135066628456116
3135,0.023956527933478355
3137,0.26070907711982727
3139,0.80254727602005
3141,0.8925426006317139
3143,0.751315176486969
3145,0.6367732882499695
3147,0.7065455913543701
3149,0.9821595549583435
3151,0.9999252557754517
3153,0.9995806813240051
3155,0.9993478655815125
3157,0.9443116188049316
3159,0.27032309770584106
3161,0.8589659929275513
3163,0.9955272078514099
3165,0.8474586009979248
3167,0.8562155961990356
3169,0.990757167339325
3171,0.94362473487854
3173,0.9085816144943237
3175,0.9675610065460205
3177,0.546141505241394
3179,0.7094632387161255
3181,0.9999897480010986
3183,0.9998821020126343
3185,0.990969717502594
3187,0.7888015508651733
3189,0.9219541549682617
3191,0.990874171257019
3193,0.9983353018760681
3195,0.9392244219779968
3197,0.9560414552688599
3199,0.9961839318275452
3201,0.9961392283439636
3203,0.9993767142295837
3205,0.8323754072189331
3207,0.7673624753952026
3209,0.9899612665176392
3211,0.9998880624771118
3213,0.9996852874755859
3215,0.9989892840385437
3217,0.9998281002044678
3219,0.995153546333313
3221,0.2498406320810318
3223,0.11863475292921066
3225,0.9997733235359192
3227,0.9959344863891602
3229,0.9495016932487488
3231,0.9495599269866943
3233,0.9215970635414124
3235,0.9956637024879456
3237,0.9978727102279663
3239,0.9952994585037231
3241,0.9743063449859619
3243,0.43560728430747986
3245,0.07121997326612473
3247,0.12165148556232452
3249,0.12152624130249023
3251,0.11886965483427048
3253,0.102671779692173
3255,0.039643704891204834
3257,0.005232030060142279
3259,0.003253250615671277
3261,0.034399863332509995
3263,0.03043895587325096
3265,0.007013900671154261
3267,0.006186243612319231
3269,0.005403798073530197
3271,0.007585607934743166
3273,0.007844754494726658
3275,0.00560010178014636
3277,0.004505509044975042
3279,0.005414138548076153
3281,0.019430002197623253
3283,0.3671818673610687
3285,0.36352893710136414
3287,0.8410601019859314
3289,0.9163495898246765
3291,0.9433017373085022
3293,0.9836632013320923
3295,0.9129072427749634
3297,0.9928560256958008
3299,0.9874480366706848
3301,0.9108325242996216
3303,0.9798659682273865
3305,0.9965046644210815
3307,0.7768121957778931
3309,0.3725009262561798
3311,0.9935441017150879
3313,0.9959659576416016
3315,0.9974863529205322
3317,0.8691778182983398
3319,0.1728663444519043
3321,0.7633823752403259
3323,0.9998855590820312
3325,0.9980440139770508
3327,0.9364979267120361
3329,0.7184548377990723
3331,0.9811921119689941
3333,0.9995418787002563
3335,0.9263115525245667
3337,0.9279448986053467
3339,0.9841201901435852
3341,0.9988157749176025
3343,0.8924615979194641
3345,0.44675391912460327
3347,0.10854381322860718
3349,0.03458287566900253
3351,0.2189156413078308
3353,0.004526527598500252
3355,0.47323647141456604
3357,0.6920602321624756
3359,0.9223670363426208
3361,0.9541330337524414
3363,0.8600733280181885
3365,0.8098089098930359
3367,0.9806010127067566
3369,0.9974754452705383
3371,0.9999614953994751
3373,0.9789739847183228
3375,0.8565008044242859
3377,0.9840596914291382
3379,0.9986082911491394
3381,0.5821316838264465
3383,0.9859315156936646
3385,0.9999603033065796
3387,0.9999134540557861
3389,0.9998899698257446
3391,0.9999016523361206
3393,0.9996379613876343
3395,0.9038132429122925
3397,0.36168360710144043
3399,0.9791799187660217
3401,0.9808549284934998
3403,0.6859230399131775
3405,0.9710937738418579
3407,0.9993665814399719
3409,0.9999985694885254
3411,0.9999995231628418
3413,0.9998743534088135
3415,0.8646948337554932
3417,0.9931875467300415
3419,0.9668200016021729
3421,0.9814926981925964
3423,0.9999650716781616
3425,0.9521826505661011
3427,0.9836664199829102
3429,0.9991573095321655
3431,0.9438108801841736
3433,0.10306756943464279
3435,0.7685387134552002
3437,0.9931814074516296
3439,0.9990929365158081
3441,0.8911694288253784
3443,0.41429877281188965
3445,0.07051229476928711
3447,0.006910543888807297
3449,0.004266279749572277
3451,0.45803043246269226
3453,0.9014277458190918
3455,0.9683900475502014
3457,0.9703364372253418
3459,0.727211594581604
3461,0.43931958079338074
3463,0.7837303280830383
3465,0.9966000914573669
3467,0.998137354850769
3469,0.8140102028846741
3471,0.8839849829673767
3473,0.9988859295845032
3475,0.9999964237213135
3477,0.9994943141937256
3479,0.9936920404434204
3481,0.9786368608474731
3483,0.9645745754241943
3485,0.9923961758613586
3487,0.9364980459213257
3489,0.9987401366233826
3491,0.9943667054176331
3493,0.6203213930130005
3495,0.9713866710662842
3497,0.9979508519172668
3499,0.9999490976333618
3501,0.9999889135360718
3503,0.9999997615814209
3505,0.9994912147521973
3507,0.9767306447029114
3509,0.9929929971694946
3511,0.996807336807251
3513,0.8814256191253662
3515,0.9992203712463379
3517,0.9994885921478271
3519,0.6088396906852722
3521,0.5668470859527588
3523,0.9986543655395508
3525,0.9991142153739929
3527,0.9980427026748657
3529,0.9998013377189636
3531,0.9999817609786987
3533,0.9991835951805115
3535,0.9984501600265503
3537,0.9999854564666748
3539,0.9991949200630188
3541,0.9756948947906494
3543,0.9999947547912598
3545,0.9999172687530518
3547,0.6786439418792725
3549,0.9898622035980225
3551,0.9670066833496094
3553,0.994408130645752
3555,0.9963723421096802
3557,0.9970447421073914
3559,0.9999850988388062
3561,0.9998970031738281
3563,0.9491936564445496
3565,0.679224967956543
3567,0.43128782510757446
3569,0.5764915347099304
3571,0.5463303327560425
3573,0.29916253685951233
3575,0.06102417781949043
3577,0.06530619412660599
3579,0.0552641786634922
3581,0.07710647583007812
3583,0.7810736894607544
3585,0.6813111305236816
3587,0.8574802279472351
3589,0.8941164016723633
3591,0.8793033957481384
3593,0.8333048224449158
3595,0.832734227180481
3597,0.999500036239624
3599,0.9989245533943176
3601,0.9982792139053345
3603,0.9981353282928467
3605,0.9986786246299744
3607,0.9900890588760376
3609,0.6031343340873718
3611,0.8540945053100586
3613,0.9990411400794983
3615,0.9995538592338562
3617,0.8470120429992676
3619,0.6474297046661377
3621,0.960233747959137
3623,0.9980694651603699
3625,0.9778671860694885
3627,0.7899541258811951
3629,0.9787546992301941
3631,0.9991276860237122
3633,0.9923306703567505
3635,0.8695831894874573
3637,0.8676406145095825
3639,0.879761815071106
3641,0.9994774460792542
3643,0.9999659061431885
3645,0.9998375177383423
3647,0.9888904094696045
3649,0.8439376950263977
3651,0.8832212686538696
3653,0.9831148386001587
3655,0.7027465105056763
3657,0.9548688530921936
3659,0.9871953725814819
3661,0.9944559931755066
3663,0.9809520840644836
3665,0.6753705143928528
3667,0.06880910694599152
3669,0.012979326769709587
3671,0.03193250671029091
3673,0.0838441550731659
3675,0.00900457426905632
3677,0.007346441503614187
3679,0.01085373479872942
3681,0.023121153935790062
3683,0.14234621822834015
3685,0.32802101969718933
3687,0.4832408130168915
3689,0.8557866215705872
3691,0.9046205878257751
3693,0.994140088558197
3695,0.9971928000450134
3697,0.7643887996673584
3699,0.6880268454551697
3701,0.9894730448722839
3703,0.9977983236312866
3705,0.9626370668411255
3707,0.7616740465164185
3709,0.9240574240684509
3711,0.9949101805686951
3713,0.9907132387161255
3715,0.9845691323280334
3717,0.8175202012062073
3719,0.9582937955856323
3721,0.9933156371116638
3723,0.9988594055175781
3725,0.8820999264717102
3727,0.8589848279953003
3729,0.8207147717475891
3731,0.06610613316297531
3733,0.07803890854120255
3735,0.09323285520076752
3737,0.004579021129757166
3739,0.003433224046602845
3741,0.0011518032988533378
3743,0.0058657387271523476
3745,0.06645313650369644
3747,0.6661420464515686
3749,0.9096158146858215
3751,0.9965521097183228
3753,0.9900277256965637
3755,0.612668514251709
3757,0.9715079665184021
3759,0.9999487400054932
3761,0.9968231916427612
3763,0.7773510217666626
3765,0.809368371963501
3767,0.9735340476036072
3769,0.9987828135490417
3771,0.9840179085731506
3773,0.9918165802955627
3775,0.9892030358314514
3777,0.961833655834198
3779,0.4257566034793854
3781,0.2930203378200531
3783,0.9999903440475464
3785,0.9996374845504761
3787,0.9995056390762329
3789,0.9953327775001526
3791,0.8962668776512146
3793,0.631515622138977
3795,0.9083606600761414
3797,0.999957799911499
3799,0.9988092184066772
3801,0.9998750686645508
3803,0.9999934434890747
3805,0.9962412118911743
3807,0.6446895599365234
3809,0.8126463890075684
3811,0.9978892207145691
3813,0.9884263277053833
3815,0.9987986087799072
3817,0.9532966017723083
3819,0.9074726104736328
3821,0.9957303404808044
3823,0.9999234676361084
3825,0.9472414255142212
3827,0.3792170286178589
3829,0.8257366418838501
3831,0.9986176490783691
3833,0.9022093415260315
3835,0.7570202946662903
3837,0.9174060821533203
3839,0.9965974688529968
3841,0.9801595211029053
3843,0.9886630177497864
3845,0.9996046423912048
3847,0.9882893562316895
3849,0.8977203965187073
3851,0.6960886716842651
3853,0.9983342289924622
3855,0.9849742650985718
3857,0.6276192665100098
3859,0.06288762390613556
3861,0.8897820711135864
3863,0.9976625442504883
3865,0.999546229839325
3867,0.9998742341995239
3869,0.9931733012199402
3871,0.8784883618354797
3873,0.9999794960021973
3875,0.9948786497116089
3877,0.8027332425117493
3879,0.9996191263198853
3881,0.9986969828605652
3883,0.9999856948852539
3885,0.9974954724311829
3887,0.9242029786109924
3889,0.999630331993103
3891,0.9992461204528809
3893,0.9993094205856323
3895,0.996183454990387
3897,0.9996460676193237
3899,0.999955415725708
3901,0.988362729549408
3903,0.9046995043754578
3905,0.4618760943412781
3907,0.9898968935012817
3909,0.7039255499839783
3911,0.7253323793411255
3913,0.96321702003479
3915,0.9998852014541626
3917,0.9999302625656128
3919,0.9303375482559204
3921,0.889772891998291
3923,0.9869781732559204
3925,0.9971434473991394
3927,0.9994358420372009
3929,0.994629979133606
3931,0.896351158618927
3933,0.32774829864501953
3935,0.6725081205368042
3937,0.9953165054321289
3939,0.9953984618186951
3941,0.9964823722839355
3943,0.9985195994377136
3945,0.9742200970649719
3947,0.42591941356658936
3949,0.8778432011604309
3951,0.9995476603507996
3953,0.9918527007102966
3955,0.4057104289531708
3957,0.4052202105522156
3959,0.003872700734063983
3961,0.007749957498162985
3963,0.021999012678861618
3965,0.0031079696491360664
3967,0.0027579895686358213
3969,0.0018670185236260295
3971,0.002235728781670332
3973,0.0024466458708047867
3975,0.0021043329034000635
3977,0.001611691084690392
3979,0.0016644155839458108
3981,0.002915869001299143
3983,0.049956172704696655
3985,0.5867543816566467
3987,0.941323459148407
3989,0.9822710752487183
3991,0.9936037659645081
3993,0.9962246417999268
3995,0.9758707284927368
3997,0.9999717473983765
3999,0.9999779462814331
4001,0.9770169854164124
4003,0.9756417870521545
4005,0.9823569059371948
4007,0.918070375919342
4009,0.9998219609260559
4011,0.9798076152801514
4013,0.9919013381004333
4015,0.852988064289093
4017,0.9981663823127747
4019,0.9907364249229431
4021,0.6932719349861145
4023,0.9926940202713013
4025,0.9998464584350586
4027,0.8747955560684204
4029,0.5632280111312866
4031,0.9288803339004517
4033,0.9837856888771057
4035,0.9817478060722351
4037,0.9915117621421814
4039,0.9075964093208313
4041,0.9963009357452393
4043,0.9999344348907471
4045,0.9999414682388306
4047,0.9999991655349731
4049,0.9996349811553955
4051,0.9949016571044922
4053,0.9969417452812195
4055,0.9999940395355225
4057,0.9980605244636536
4059,0.9992664456367493
4061,0.9982380867004395
4063,0.9421858787536621
4065,0.7609565854072571
4067,0.46941643953323364
4069,0.8256188631057739
4071,0.15694524347782135
4073,0.7167751789093018
4075,0.9923896193504333
4077,0.9999715089797974
4079,0.9999622106552124
4081,0.7865029573440552
4083,0.8442186117172241
4085,0.9714855551719666
4087,0.9999933242797852
4089,0.9998852014541626
4091,0.7700135111808777
4093,0.5899741053581238
4095,0.9761064648628235
4097,0.9957671165466309
4099,0.5679793357849121
4101,0.4692009687423706
4103,0.003228078130632639
4105,0.002973332768306136
4107,0.017527669668197632
4109,0.004132705740630627
4111,0.0042975470423698425
4113,0.25162816047668457
4115,0.41817837953567505
4117,0.9946184754371643
4119,0.9645267724990845
4121,0.7093992233276367
4123,0.793071985244751
4125,0.950717031955719
4127,0.9982767105102539
4129,0.9956789612770081
4131,0.997702419757843
4133,0.9962856769561768
4135,0.9842193722724915
4137,0.9902496933937073
4139,0.9967579245567322
4141,0.9998618364334106
4143,0.9997403025627136
4145,0.9999675750732422
4147,0.9995442032814026
4149,0.9663840532302856
4151,0.837152361869812
4153,0.9983538389205933
4155,0.9999345541000366
4157,0.9893681406974792
4159,0.934798002243042
4161,0.9360120296478271
4163,0.9999573230743408
4165,0.9999933242797852
4167,0.8463192582130432
4169,0.8764969706535339
4171,0.9765733480453491
4173,0.9639945030212402
4175,0.944523811340332
4177,0.7832289934158325
4179,0.40810149908065796
4181,0.9397695064544678
4183,0.9753066897392273
4185,0.6210775971412659
4187,0.9715939164161682
4189,0.9964050054550171
4191,0.9959940910339355
4193,0.9424266815185547
4195,0.2814759910106659
4197,0.3735751807689667
4199,0.533239483833313
4201,0.4357073903083801
4203,0.03807270899415016
4205,0.1514439582824707
4207,0.41911858320236206
4209,0.9521744251251221
4211,0.9768058061599731
4213,0.9966458678245544
4215,0.9996671676635742
4217,0.9771941900253296
4219,0.8982079029083252
4221,0.9995276927947998
4223,0.9999619722366333
4225,0.9999390840530396
4227,0.9979866743087769
4229,0.9793722033500671
4231,0.9791450500488281
4233,0.9969863295555115
4235,0.929105281829834
4237,0.26264509558677673
4239,0.719659686088562
4241,0.9917329549789429
4243,0.9872826337814331
4245,0.7927892804145813
4247,0.8856508135795593
4249,0.8374622464179993
4251,0.9738134145736694
4253,0.8214741349220276
4255,0.3928232491016388
4257,0.004476116504520178
4259,0.07585107535123825
4261,0.32575616240501404
4263,0.5379219055175781
4265,0.5200501680374146
4267,0.09401903301477432
4269,0.03066534921526909
4271,0.060219381004571915
4273,0.84383225440979
4275,0.9988974332809448
4277,0.9633508920669556
4279,0.9311724901199341
4281,0.9564356207847595
4283,0.8407796025276184
4285,0.8807679414749146
4287,0.9995866417884827
4289,0.999996542930603
4291,0.9998515844345093
4293,0.9920592308044434
4295,0.8350386619567871
4297,0.9899739027023315
4299,0.992028534412384
4301,0.9360830187797546
4303,0.9858755469322205
4305,0.9387617707252502
4307,0.40093740820884705
4309,0.04397309944033623
4311,0.018592940643429756
4313,0.1440749615430832
4315,0.7571616172790527
4317,0.933936595916748
4319,0.9493966698646545
4321,0.36143961548805237
4323,0.5376622080802917
4325,0.9987823367118835
4327,0.9999982118606567
4329,0.995771586894989
4331,0.9987034797668457
4333,0.9997403025627136
4335,0.9978984594345093
4337,0.9917395114898682
4339,0.9971326589584351
4341,0.999430239200592
4343,0.9996069073677063
4345,0.9998699426651001
4347,0.9998798370361328
4349,0.8592624664306641
4351,0.8761067986488342
4353,0.9984595775604248
4355,0.9960222840309143
4357,0.9979470372200012
4359,0.9891458749771118
4361,0.9999281167984009
4363,0.9987471103668213
4365,0.5030020475387573
4367,0.8931340575218201
4369,0.9953426122665405
4371,0.9077728390693665
4373,0.9996442794799805
4375,0.997694194316864
4377,0.9132135510444641
4379,0.6971303224563599
4381,0.04807926341891289
4383,0.005596671719104052
4385,0.005622413940727711
4387,0.0034574312157928944
4389,0.318414568901062
4391,0.9018975496292114
4393,0.9799153804779053
4395,0.9847914576530457
4397,0.5729759335517883
4399,0.5545894503593445
4401,0.9901638627052307
4403,0.9989076852798462
4405,0.9786691665649414
4407,0.9776651859283447
4409,0.9795610308647156
4411,0.9132241606712341
4413,0.9978773593902588
4415,0.9991217255592346
4417,0.9913525581359863
4419,0.9860447645187378
4421,0.917726457118988
4423,0.9780164957046509
4425,0.9182612895965576
4427,0.9296045303344727
4429,0.96355801820755
4431,0.9699772596359253
4433,0.5220853686332703
4435,0.9913177490234375
4437,0.9996380805969238
4439,0.9995980858802795
4441,0.9854872226715088
4443,0.8028529286384583
4445,0.24522298574447632
4447,0.9475501179695129
4449,0.9880410432815552
4451,0.9895262718200684
4453,0.5639978051185608
4455,0.24201861023902893
4457,0.014806775376200676
4459,0.5957397818565369
4461,0.9864316582679749
4463,0.9926676154136658
4465,0.8223989009857178
4467,0.8509575128555298
4469,0.997473418712616
4471,0.9986221790313721
4473,0.9989257454872131
4475,0.9995334148406982
4477,0.7193910479545593
4479,0.9301019310951233
4481,0.9851497411727905
4483,0.9974744915962219
4485,0.9852978587150574
4487,0.8911187648773193
4489,0.9719473123550415
4491,0.9485633969306946
4493,0.9995965361595154
4495,0.9923180341720581
4497,0.9945791959762573
4499,0.9575923085212708
4501,0.9662459492683411
4503,0.7219945788383484
4505,0.968468189239502
4507,0.9999148845672607
4509,0.9999700784683228
4511,0.9918768405914307
4513,0.8826231360435486
4515,0.9997120499610901
4517,0.9991718530654907
4519,0.9983944296836853
4521,0.9932803511619568
4523,0.976965069770813
4525,0.9490844011306763
4527,0.9996209144592285
4529,0.9997788071632385
4531,0.9987204074859619
4533,0.9962496161460876
4535,0.996006429195404
4537,0.9989174604415894
4539,0.9973264932632446
4541,0.9953717589378357
4543,0.999710738658905
4545,0.9558748006820679
4547,0.5193608999252319
4549,0.31738153100013733
4551,0.002983893733471632
4553,0.003110849065706134
4555,0.014967797324061394
4557,0.005445541348308325
4559,0.0022134273312985897
4561,0.006144480314105749
4563,0.36724573373794556
4565,0.6048396229743958
4567,0.854159414768219
4569,0.9423556923866272
4571,0.8185933232307434
4573,0.6961398720741272
4575,0.4111669659614563
4577,0.9992426633834839
4579,0.9998977184295654
4581,0.9918507933616638
4583,0.8571122288703918
4585,0.9209496378898621
4587,0.9679898619651794
4589,0.7545924186706543
4591,0.1071186363697052
4593,0.0695333182811737
4595,0.9776732921600342
4597,0.9958503246307373
4599,0.9901793003082275
4601,0.8746851682662964
4603,0.9676653742790222
4605,0.9879751801490784
4607,0.7427466511726379
4609,0.9357232451438904
4611,0.9679961204528809
4613,0.8740187287330627
4615,0.7547449469566345
4617,0.9989609718322754
4619,0.9992465972900391
4621,0.9999204874038696
4623,0.5593752861022949
4625,0.1964690387248993
4627,0.9468136429786682
4629,0.999627947807312
4631,0.9993199110031128
4633,0.9921799898147583
4635,0.9483834505081177
4637,0.9867303371429443
4639,0.9994631409645081
4641,0.9999864101409912
4643,0.997372031211853
4645,0.6782642602920532
4647,0.983738899230957
4649,0.9996696710586548
4651,0.9731037616729736
4653,0.9616266489028931
4655,0.9998691082000732
4657,0.9999068975448608
4659,0.9986110925674438
4661,0.9734027981758118
4663,0.9987152814865112
4665,0.9999984502792358
4667,0.9940587282180786
4669,0.9956047534942627
4671,0.9990788698196411
4673,0.9997798800468445
4675,0.9990416169166565
4677,0.9920656085014343
4679,0.9837045073509216
4681,0.9736741781234741
4683,0.9900299310684204
4685,0.9534460306167603
4687,0.4145478904247284
4689,0.2388545423746109
4691,0.045797958970069885
4693,0.9322569966316223
4695,0.9997052550315857
4697,0.992793083190918
4699,0.7590547204017639
4701,0.7439849376678467
4703,0.9314594268798828
4705,0.9817049503326416
4707,0.9503023624420166
4709,0.8432515263557434
4711,0.3140510022640228
4713,0.9984839558601379
4715,0.999990701675415
4717,0.9997690320014954
4719,0.9984700083732605
4721,0.9988621473312378
4723,0.9997561573982239
4725,0.9997411370277405
4727,0.9864047765731812
4729,0.9364252686500549
4731,0.8152809739112854
4733,0.8636768460273743
4735,0.7429264187812805
4737,0.861149251461029
4739,0.008946254849433899
4741,0.6286431550979614
4743,0.9866368174552917
4745,0.9998750686645508
4747,0.99998939037323
4749,0.9345447421073914
4751,0.8961847424507141
4753,0.9999974966049194
4755,0.9951962828636169
4757,0.5421331524848938
4759,0.8732905387878418
4761,0.9994968175888062
4763,0.9262412786483765
4765,0.8405545353889465
4767,0.4823145270347595
4769,0.024355581030249596
4771,0.09110686928033829
4773,0.010395139455795288
4775,0.620591938495636
4777,0.8780714273452759
4779,0.9532764554023743
4781,0.8301499485969543
4783,0.6956438422203064
4785,0.9806671142578125
4787,0.9951319694519043
4789,0.999203622341156
4791,0.9896289706230164
4793,0.9951188564300537
4795,0.9601073861122131
4797,0.307630717754364
4799,0.9998447895050049
4801,0.993489146232605
4803,0.6585035920143127
4805,0.9500247240066528
4807,0.9998277425765991
4809,0.9999938011169434
4811,0.9963057041168213
4813,0.2685295045375824
4815,0.3288111090660095
4817,0.9982404708862305
4819,0.9985029697418213
4821,0.9358620643615723
4823,0.7162932753562927
4825,0.6299003958702087
4827,0.9893919229507446
4829,0.990044891834259
4831,0.5499294996261597
4833,0.9238066673278809
4835,0.9974019527435303
4837,0.9702474474906921
4839,0.9956817626953125
4841,0.9515511989593506
4843,0.7857552170753479
4845,0.489530086517334
4847,0.9800917506217957
4849,0.9916635751724243
4851,0.5093727111816406
4853,0.19152295589447021
4855,0.1220850721001625
4857,0.13086596131324768
4859,0.060451965779066086
4861,0.044687241315841675
4863,0.04137865826487541
4865,0.004157564137130976
4867,0.001896484987810254
4869,0.0013828934170305729
4871,0.0014177528209984303
4873,0.0022322670556604862
4875,0.0026031802408397198
4877,0.0017789603443816304
4879,0.0016746592009440064
4881,0.0014975557569414377
4883,0.001660104375332594
4885,0.04766447842121124
4887,0.13408434391021729
4889,0.850283145904541
4891,0.994484007358551
4893,0.9690359830856323
